DIAZ CORREA IRMA VIRGINIA,18460279,6076.228775
VALVERDE FLORES IRMA YDALI,24850601,2424.186463
CHUMPITAZ IBEROS RONAL,21209239,4.540129791
4CHUNG LEE ALVARO,4136757,2760.566544
